Date,CC
2015-06-19,21.0
2015-06-22,21.25
2015-06-23,19.670000076293945
2015-06-24,17.5
2015-06-25,16.799999237060547
2015-06-26,14.989999771118164
2015-06-29,14.970000267028809
2015-06-30,15.9399995803833
2015-07-01,16.0
2015-07-02,16.43000030517578
2015-07-03,16.43000030517578
2015-07-06,16.0
2015-07-07,15.890000343322754
2015-07-08,14.069999694824219
2015-07-09,13.039999961853027
2015-07-10,11.920000076293945
2015-07-13,11.229999542236328
2015-07-14,11.239999771118164
2015-07-15,12.720000267028809
2015-07-16,12.819999694824219
2015-07-17,13.039999961853027
2015-07-20,12.859999656677246
2015-07-21,12.369999885559082
2015-07-22,12.149999618530273
2015-07-23,12.0600004196167
2015-07-24,11.699999809265137
2015-07-27,11.239999771118164
2015-07-28,10.350000381469727
2015-07-29,11.039999961853027
2015-07-30,11.550000190734863
2015-07-31,11.479999542236328
2015-08-03,10.890000343322754
2015-08-04,10.5
2015-08-05,9.760000228881836
2015-08-06,9.5600004196167
2015-08-07,11.210000038146973
2015-08-10,11.0600004196167
2015-08-11,11.0
2015-08-12,10.260000228881836
2015-08-13,9.90999984741211
2015-08-14,10.619999885559082
2015-08-17,10.579999923706055
2015-08-18,10.779999732971191
2015-08-19,9.930000305175781
2015-08-20,10.029999732971191
2015-08-21,9.5
2015-08-24,8.829999923706055
2015-08-25,9.4399995803833
2015-08-26,8.539999961853027
2015-08-27,9.220000267028809
2015-08-28,9.050000190734863
2015-08-31,9.369999885559082
2015-09-01,9.279999732971191
2015-09-02,9.199999809265137
2015-09-03,8.800000190734863
2015-09-04,9.270000457763672
2015-09-07,9.270000457763672
2015-09-08,9.050000190734863
2015-09-09,9.350000381469727
2015-09-10,9.399999618530273
2015-09-11,9.229999542236328
2015-09-14,9.100000381469727
2015-09-15,9.029999732971191
2015-09-16,9.449999809265137
2015-09-17,9.619999885559082
2015-09-18,9.319999694824219
2015-09-21,8.9399995803833
2015-09-22,9.0
2015-09-23,8.640000343322754
2015-09-24,7.940000057220459
2015-09-25,7.71999979019165
2015-09-28,7.0
2015-09-29,6.559999942779541
2015-09-30,6.25
2015-10-01,6.5
2015-10-02,6.5
2015-10-05,7.230000019073486
2015-10-06,7.570000171661377
2015-10-07,8.25
2015-10-08,8.260000228881836
2015-10-09,8.550000190734863
2015-10-12,8.029999732971191
2015-10-13,7.929999828338623
2015-10-14,7.349999904632568
2015-10-15,7.199999809265137
2015-10-16,7.099999904632568
2015-10-19,6.389999866485596
2015-10-20,6.110000133514404
2015-10-21,6.5
2015-10-22,6.400000095367432
2015-10-23,6.420000076293945
2015-10-26,6.75
2015-10-27,6.429999828338623
2015-10-28,6.639999866485596
2015-10-29,6.639999866485596
2015-10-30,6.78000020980835
2015-11-02,6.900000095367432
2015-11-03,7.349999904632568
2015-11-04,8.4399995803833
2015-11-05,8.319999694824219
2015-11-06,7.369999885559082
2015-11-09,6.599999904632568
2015-11-10,6.329999923706055
2015-11-11,6.179999828338623
2015-11-12,5.920000076293945
2015-11-13,5.820000171661377
2015-11-16,5.78000020980835
2015-11-17,5.820000171661377
2015-11-18,5.630000114440918
2015-11-19,5.849999904632568
2015-11-20,6.050000190734863
2015-11-23,5.989999771118164
2015-11-24,5.940000057220459
2015-11-25,6.150000095367432
2015-11-26,6.150000095367432
2015-11-27,6.369999885559082
2015-11-30,6.309999942779541
2015-12-01,6.25
2015-12-02,6.0
2015-12-03,6.130000114440918
2015-12-04,5.949999809265137
2015-12-07,6.159999847412109
2015-12-08,5.920000076293945
2015-12-09,5.809999942779541
2015-12-10,6.0
2015-12-11,6.010000228881836
2015-12-14,5.650000095367432
2015-12-15,5.260000228881836
2015-12-16,5.449999809265137
2015-12-17,5.579999923706055
2015-12-18,4.699999809265137
2015-12-21,5.989999771118164
2015-12-22,5.539999961853027
2015-12-23,5.730000019073486
2015-12-24,5.710000038146973
2015-12-25,5.710000038146973
2015-12-28,5.699999809265137
2015-12-29,5.429999828338623
2015-12-30,5.380000114440918
2015-12-31,5.210000038146973
2016-01-01,5.210000038146973
2016-01-04,5.199999809265137
2016-01-05,5.480000019073486
2016-01-06,5.28000020980835
2016-01-07,5.0
2016-01-08,4.829999923706055
2016-01-11,4.800000190734863
2016-01-12,4.440000057220459
2016-01-13,3.9700000286102295
2016-01-14,3.299999952316284
2016-01-15,3.440000057220459
2016-01-18,3.440000057220459
2016-01-19,4.03000020980835
2016-01-20,3.4800000190734863
2016-01-21,3.640000104904175
2016-01-22,3.7300000190734863
2016-01-25,3.7899999618530273
2016-01-26,3.5
2016-01-27,3.359999895095825
2016-01-28,3.1600000858306885
2016-01-29,3.1700000762939453
2016-02-01,3.9700000286102295
2016-02-02,3.869999885559082
2016-02-03,3.7100000381469727
2016-02-04,4.019999980926514
2016-02-05,4.389999866485596
2016-02-08,4.059999942779541
2016-02-09,4.03000020980835
2016-02-10,4.010000228881836
2016-02-11,3.5899999141693115
2016-02-12,3.9800000190734863
2016-02-15,3.9800000190734863
2016-02-16,3.8399999141693115
2016-02-17,3.740000009536743
2016-02-18,4.179999828338623
2016-02-19,4.050000190734863
2016-02-22,4.190000057220459
2016-02-23,4.159999847412109
2016-02-24,3.819999933242798
2016-02-25,4.760000228881836
2016-02-26,5.010000228881836
2016-02-29,4.900000095367432
2016-03-01,5.21999979019165
2016-03-02,5.489999771118164
2016-03-03,5.71999979019165
2016-03-04,5.989999771118164
2016-03-07,5.829999923706055
2016-03-08,6.46999979019165
2016-03-09,6.119999885559082
2016-03-10,6.28000020980835
2016-03-11,6.449999809265137
2016-03-14,6.849999904632568
2016-03-15,6.800000190734863
2016-03-16,6.809999942779541
2016-03-17,6.699999809265137
2016-03-18,7.300000190734863
2016-03-21,7.760000228881836
2016-03-22,7.150000095367432
2016-03-23,7.0
2016-03-24,6.75
2016-03-25,6.75
2016-03-28,7.179999828338623
2016-03-29,6.909999847412109
2016-03-30,7.21999979019165
2016-03-31,7.269999980926514
2016-04-01,7.130000114440918
2016-04-04,7.389999866485596
2016-04-05,7.150000095367432
2016-04-06,7.110000133514404
2016-04-07,7.269999980926514
2016-04-08,7.150000095367432
2016-04-11,7.269999980926514
2016-04-12,7.21999979019165
2016-04-13,7.519999980926514
2016-04-14,7.690000057220459
2016-04-15,7.550000190734863
2016-04-18,8.09000015258789
2016-04-19,8.300000190734863
2016-04-20,9.069999694824219
2016-04-21,9.289999961853027
2016-04-22,9.640000343322754
2016-04-25,9.069999694824219
2016-04-26,9.0
2016-04-27,9.460000038146973
2016-04-28,9.180000305175781
2016-04-29,9.510000228881836
2016-05-02,9.149999618530273
2016-05-03,9.699999809265137
2016-05-04,9.880000114440918
2016-05-05,10.0
2016-05-06,9.899999618530273
2016-05-09,10.260000228881836
2016-05-10,9.449999809265137
2016-05-11,9.979999542236328
2016-05-12,10.210000038146973
2016-05-13,9.789999961853027
2016-05-16,9.770000457763672
2016-05-17,10.050000190734863
2016-05-18,10.399999618530273
2016-05-19,10.34000015258789
2016-05-20,10.289999961853027
2016-05-23,9.880000114440918
2016-05-24,9.5600004196167
2016-05-25,9.3100004196167
2016-05-26,9.569999694824219
2016-05-27,9.359999656677246
2016-05-30,9.359999656677246
2016-05-31,9.180000305175781
2016-06-01,8.680000305175781
2016-06-02,8.609999656677246
2016-06-03,8.630000114440918
2016-06-06,8.229999542236328
2016-06-07,8.34000015258789
2016-06-08,8.40999984741211
2016-06-09,8.300000190734863
2016-06-10,8.300000190734863
2016-06-13,8.729999542236328
2016-06-14,8.329999923706055
2016-06-15,8.609999656677246
2016-06-16,8.84000015258789
2016-06-17,8.970000267028809
2016-06-20,9.079999923706055
2016-06-21,9.199999809265137
2016-06-22,9.119999885559082
2016-06-23,9.180000305175781
2016-06-24,9.1899995803833
2016-06-27,9.149999618530273
2016-06-28,8.739999771118164
2016-06-29,8.569999694824219
2016-06-30,8.4399995803833
2016-07-01,8.229999542236328
2016-07-04,8.229999542236328
2016-07-05,8.4399995803833
2016-07-06,7.570000171661377
2016-07-07,6.019999980926514
2016-07-08,6.639999866485596
2016-07-11,7.679999828338623
2016-07-12,7.909999847412109
2016-07-13,8.199999809265137
2016-07-14,8.390000343322754
2016-07-15,8.819999694824219
2016-07-18,8.859999656677246
2016-07-19,9.279999732971191
2016-07-20,9.069999694824219
2016-07-21,9.130000114440918
2016-07-22,9.100000381469727
2016-07-25,8.800000190734863
2016-07-26,8.84000015258789
2016-07-27,9.510000228881836
2016-07-28,9.449999809265137
2016-07-29,9.390000343322754
2016-08-01,9.300000190734863
2016-08-02,9.300000190734863
2016-08-03,8.760000228881836
2016-08-04,9.0600004196167
2016-08-05,8.9399995803833
2016-08-08,9.15999984741211
2016-08-09,9.789999961853027
2016-08-10,10.550000190734863
2016-08-11,10.9399995803833
2016-08-12,11.800000190734863
2016-08-15,11.479999542236328
2016-08-16,12.170000076293945
2016-08-17,12.109999656677246
2016-08-18,12.329999923706055
2016-08-19,12.34000015258789
2016-08-22,12.34000015258789
2016-08-23,12.479999542236328
2016-08-24,12.5600004196167
2016-08-25,12.4399995803833
2016-08-26,12.90999984741211
2016-08-29,12.680000305175781
2016-08-30,13.279999732971191
2016-08-31,13.350000381469727
2016-09-01,13.300000190734863
2016-09-02,13.579999923706055
2016-09-05,13.579999923706055
2016-09-06,13.6899995803833
2016-09-07,13.430000305175781
2016-09-08,13.569999694824219
2016-09-09,13.329999923706055
2016-09-12,12.699999809265137
2016-09-13,12.989999771118164
2016-09-14,12.899999618530273
2016-09-15,13.510000228881836
2016-09-16,13.75
2016-09-19,14.569999694824219
2016-09-20,14.420000076293945
2016-09-21,14.289999961853027
2016-09-22,14.850000381469727
2016-09-23,14.930000305175781
2016-09-26,14.949999809265137
2016-09-27,14.520000457763672
2016-09-28,15.119999885559082
2016-09-29,15.300000190734863
2016-09-30,15.199999809265137
2016-10-03,15.9399995803833
2016-10-04,16.0
2016-10-05,15.8100004196167
2016-10-06,16.06999969482422
2016-10-07,16.290000915527344
2016-10-10,15.920000076293945
2016-10-11,15.380000114440918
2016-10-12,15.09000015258789
2016-10-13,14.800000190734863
2016-10-14,14.949999809265137
2016-10-17,14.869999885559082
2016-10-18,15.449999809265137
2016-10-19,15.970000267028809
2016-10-20,16.15999984741211
2016-10-21,16.639999389648438
2016-10-24,16.93000030517578
2016-10-25,16.700000762939453
2016-10-26,16.68000030517578
2016-10-27,17.0
2016-10-28,16.940000534057617
2016-10-31,17.600000381469727
2016-11-01,16.520000457763672
2016-11-02,16.760000228881836
2016-11-03,16.270000457763672
2016-11-04,16.639999389648438
2016-11-07,18.600000381469727
2016-11-08,19.25
2016-11-09,19.389999389648438
2016-11-10,20.90999984741211
2016-11-11,20.799999237060547
2016-11-14,20.700000762939453
2016-11-15,21.350000381469727
2016-11-16,22.170000076293945
2016-11-17,22.0
2016-11-18,22.649999618530273
2016-11-21,22.899999618530273
2016-11-22,23.479999542236328
2016-11-23,23.450000762939453
2016-11-24,23.450000762939453
2016-11-25,23.809999465942383
2016-11-28,23.5
2016-11-29,22.899999618530273
2016-11-30,23.75
2016-12-01,24.899999618530273
2016-12-02,24.600000381469727
2016-12-05,25.190000534057617
2016-12-06,25.93000030517578
2016-12-07,26.100000381469727
2016-12-08,26.100000381469727
2016-12-09,27.0
2016-12-12,25.59000015258789
2016-12-13,23.93000030517578
2016-12-14,24.350000381469727
2016-12-15,24.84000015258789
2016-12-16,25.43000030517578
2016-12-19,24.219999313354492
2016-12-20,24.739999771118164
2016-12-21,24.920000076293945
2016-12-22,23.31999969482422
2016-12-23,22.549999237060547
2016-12-26,22.549999237060547
2016-12-27,23.0
2016-12-28,22.81999969482422
2016-12-29,22.389999389648438
2016-12-30,22.5
2017-01-02,22.5
2017-01-03,21.59000015258789
2017-01-04,21.700000762939453
2017-01-05,22.010000228881836
2017-01-06,22.09000015258789
2017-01-09,21.43000030517578
2017-01-10,22.200000762939453
2017-01-11,23.440000534057617
2017-01-12,24.59000015258789
2017-01-13,24.59000015258789
2017-01-16,24.59000015258789
2017-01-17,24.8799991607666
2017-01-18,24.600000381469727
2017-01-19,24.920000076293945
2017-01-20,24.299999237060547
2017-01-23,24.600000381469727
2017-01-24,24.8700008392334
2017-01-25,25.75
2017-01-26,25.520000457763672
2017-01-27,25.469999313354492
2017-01-30,25.149999618530273
2017-01-31,24.989999771118164
2017-02-01,26.59000015258789
2017-02-02,26.729999542236328
2017-02-03,26.969999313354492
2017-02-06,27.309999465942383
2017-02-07,27.850000381469727
2017-02-08,27.190000534057617
2017-02-09,27.190000534057617
2017-02-10,27.8700008392334
2017-02-13,31.6200008392334
2017-02-14,32.0
2017-02-15,32.45000076293945
2017-02-16,31.940000534057617
2017-02-17,32.13999938964844
2017-02-20,32.13999938964844
2017-02-21,33.34000015258789
2017-02-22,35.5
2017-02-23,35.36000061035156
2017-02-24,33.65999984741211
2017-02-27,34.0
2017-02-28,33.40999984741211
2017-03-01,34.459999084472656
2017-03-02,34.720001220703125
2017-03-03,33.400001525878906
2017-03-06,33.59000015258789
2017-03-07,33.7599983215332
2017-03-08,33.79999923706055
2017-03-09,33.0
2017-03-10,33.09000015258789
2017-03-13,32.970001220703125
2017-03-14,33.439998626708984
2017-03-15,33.88999938964844
2017-03-16,35.41999816894531
2017-03-17,34.880001068115234
2017-03-20,34.689998626708984
2017-03-21,34.81999969482422
2017-03-22,32.7599983215332
2017-03-23,33.58000183105469
2017-03-24,34.619998931884766
2017-03-27,33.68000030517578
2017-03-28,34.77000045776367
2017-03-29,37.529998779296875
2017-03-30,37.38999938964844
2017-03-31,38.15999984741211
2017-04-03,38.689998626708984
2017-04-04,37.9900016784668
2017-04-05,38.5
2017-04-06,37.380001068115234
2017-04-07,37.40999984741211
2017-04-10,37.900001525878906
2017-04-11,37.65999984741211
2017-04-12,37.4900016784668
2017-04-13,35.72999954223633
2017-04-14,35.72999954223633
2017-04-17,35.099998474121094
2017-04-18,35.25
2017-04-19,35.91999816894531
2017-04-20,36.06999969482422
2017-04-21,37.310001373291016
2017-04-24,38.29999923706055
2017-04-25,39.83000183105469
2017-04-26,39.900001525878906
2017-04-27,39.720001220703125
2017-04-28,40.400001525878906
2017-05-01,40.529998779296875
2017-05-02,41.849998474121094
2017-05-03,39.66999816894531
2017-05-04,39.04999923706055
2017-05-05,40.06999969482422
2017-05-08,41.290000915527344
2017-05-09,40.29999923706055
2017-05-10,40.849998474121094
2017-05-11,42.470001220703125
2017-05-12,43.380001068115234
2017-05-15,44.189998626708984
2017-05-16,45.459999084472656
2017-05-17,45.380001068115234
2017-05-18,42.7400016784668
2017-05-19,43.06999969482422
2017-05-22,45.25
2017-05-23,43.84000015258789
2017-05-24,43.25
2017-05-25,42.099998474121094
2017-05-26,42.310001373291016
2017-05-29,42.310001373291016
2017-05-30,42.41999816894531
2017-05-31,41.470001220703125
2017-06-01,40.290000915527344
2017-06-02,41.529998779296875
2017-06-05,41.099998474121094
2017-06-06,41.099998474121094
2017-06-07,39.470001220703125
2017-06-08,39.5
2017-06-09,40.400001525878906
2017-06-12,40.02000045776367
2017-06-13,39.959999084472656
2017-06-14,41.59000015258789
2017-06-15,38.11000061035156
2017-06-16,36.709999084472656
2017-06-19,36.97999954223633
2017-06-20,37.91999816894531
2017-06-21,38.08000183105469
2017-06-22,36.93000030517578
2017-06-23,36.84000015258789
2017-06-26,36.099998474121094
2017-06-27,36.099998474121094
2017-06-28,35.709999084472656
2017-06-29,36.810001373291016
2017-06-30,35.849998474121094
2017-07-03,38.5
2017-07-04,38.5
2017-07-05,38.959999084472656
2017-07-06,39.0
2017-07-07,38.93000030517578
2017-07-10,40.099998474121094
2017-07-11,40.939998626708984
2017-07-12,42.2599983215332
2017-07-13,43.20000076293945
2017-07-14,44.2599983215332
2017-07-17,44.81999969482422
2017-07-18,44.880001068115234
2017-07-19,45.0
2017-07-20,45.130001068115234
2017-07-21,44.619998931884766
2017-07-24,45.27000045776367
2017-07-25,46.95000076293945
2017-07-26,48.25
2017-07-27,47.84000015258789
2017-07-28,46.720001220703125
2017-07-31,48.18000030517578
2017-08-01,48.099998474121094
2017-08-02,48.2400016784668
2017-08-03,49.20000076293945
2017-08-04,47.52000045776367
2017-08-07,50.0
2017-08-08,49.75
2017-08-09,46.369998931884766
2017-08-10,45.900001525878906
2017-08-11,44.189998626708984
2017-08-14,47.16999816894531
2017-08-15,47.279998779296875
2017-08-16,47.16999816894531
2017-08-17,45.93000030517578
2017-08-18,45.15999984741211
2017-08-21,46.25
2017-08-22,46.790000915527344
2017-08-23,47.36000061035156
2017-08-24,47.900001525878906
2017-08-25,47.91999816894531
2017-08-28,47.88999938964844
2017-08-29,47.27000045776367
2017-08-30,47.65999984741211
2017-08-31,48.38999938964844
2017-09-01,49.290000915527344
2017-09-04,49.290000915527344
2017-09-05,50.0
2017-09-06,48.40999984741211
2017-09-07,48.220001220703125
2017-09-08,48.5099983215332
2017-09-11,49.9900016784668
2017-09-12,50.939998626708984
2017-09-13,49.84000015258789
2017-09-14,49.119998931884766
2017-09-15,49.810001373291016
2017-09-18,50.83000183105469
2017-09-19,51.54999923706055
2017-09-20,51.9900016784668
2017-09-21,51.83000183105469
2017-09-22,51.83000183105469
2017-09-25,51.59000015258789
2017-09-26,50.45000076293945
2017-09-27,50.849998474121094
2017-09-28,50.58000183105469
2017-09-29,50.34000015258789
2017-10-02,50.75
2017-10-03,52.95000076293945
2017-10-04,53.439998626708984
2017-10-05,53.349998474121094
2017-10-06,54.08000183105469
2017-10-09,54.79999923706055
2017-10-10,55.0
2017-10-11,54.9900016784668
2017-10-12,54.939998626708984
2017-10-13,55.779998779296875
2017-10-16,56.25
2017-10-17,57.04999923706055
2017-10-18,57.0
2017-10-19,55.5099983215332
2017-10-20,56.709999084472656
2017-10-23,56.099998474121094
2017-10-24,56.209999084472656
2017-10-25,57.02000045776367
2017-10-26,57.150001525878906
2017-10-27,56.880001068115234
2017-10-30,57.0
2017-10-31,57.040000915527344
2017-11-01,57.25
2017-11-02,56.970001220703125
2017-11-03,52.63999938964844
2017-11-06,52.72999954223633
2017-11-07,51.900001525878906
2017-11-08,50.540000915527344
2017-11-09,50.66999816894531
2017-11-10,51.0
2017-11-13,49.900001525878906
2017-11-14,51.630001068115234
2017-11-15,49.900001525878906
2017-11-16,50.15999984741211
2017-11-17,51.380001068115234
2017-11-20,52.400001525878906
2017-11-21,52.29999923706055
2017-11-22,52.97999954223633
2017-11-23,52.97999954223633
2017-11-24,53.27000045776367
2017-11-27,53.09000015258789
2017-11-28,53.25
2017-11-29,53.099998474121094
2017-11-30,52.0
2017-12-01,51.209999084472656
2017-12-04,52.7599983215332
2017-12-05,49.599998474121094
2017-12-06,46.369998931884766
2017-12-07,46.2599983215332
2017-12-08,48.13999938964844
2017-12-11,47.599998474121094
2017-12-12,48.06999969482422
2017-12-13,48.13999938964844
2017-12-14,47.560001373291016
2017-12-15,47.709999084472656
2017-12-18,48.2599983215332
2017-12-19,50.02000045776367
2017-12-20,50.130001068115234
2017-12-21,49.619998931884766
2017-12-22,49.279998779296875
2017-12-25,49.279998779296875
2017-12-26,48.86000061035156
2017-12-27,49.66999816894531
2017-12-28,50.150001525878906
2017-12-29,50.70000076293945
2018-01-01,50.70000076293945
2018-01-02,50.2400016784668
2018-01-03,51.79999923706055
2018-01-04,51.599998474121094
2018-01-05,51.439998626708984
2018-01-08,51.18000030517578
2018-01-09,51.0
2018-01-10,50.16999816894531
2018-01-11,51.2599983215332
2018-01-12,52.90999984741211
2018-01-15,52.90999984741211
2018-01-16,52.52000045776367
2018-01-17,51.5
2018-01-18,51.68000030517578
2018-01-19,52.0
2018-01-22,53.88999938964844
2018-01-23,54.400001525878906
2018-01-24,54.0
2018-01-25,53.630001068115234
2018-01-26,53.11000061035156
2018-01-29,53.16999816894531
2018-01-30,52.75
2018-01-31,52.20000076293945
2018-02-01,51.33000183105469
2018-02-02,51.189998626708984
2018-02-05,48.349998474121094
2018-02-06,44.029998779296875
2018-02-07,47.5099983215332
2018-02-08,48.34000015258789
2018-02-09,45.470001220703125
2018-02-12,47.0
2018-02-13,47.470001220703125
2018-02-14,47.029998779296875
2018-02-15,50.880001068115234
2018-02-16,48.75
2018-02-19,48.75
2018-02-20,48.79999923706055
2018-02-21,50.06999969482422
2018-02-22,50.0
2018-02-23,50.689998626708984
2018-02-26,51.09000015258789
2018-02-27,50.9900016784668
2018-02-28,49.349998474121094
2018-03-01,47.81999969482422
2018-03-02,48.099998474121094
2018-03-05,48.52000045776367
2018-03-06,49.20000076293945
2018-03-07,48.70000076293945
2018-03-08,49.70000076293945
2018-03-09,49.189998626708984
2018-03-12,50.06999969482422
2018-03-13,51.08000183105469
2018-03-14,50.43000030517578
2018-03-15,50.0099983215332
2018-03-16,49.08000183105469
2018-03-19,49.369998931884766
2018-03-20,49.400001525878906
2018-03-21,48.40999984741211
2018-03-22,49.27000045776367
2018-03-23,48.630001068115234
2018-03-26,48.040000915527344
2018-03-27,48.189998626708984
2018-03-28,46.97999954223633
2018-03-29,46.66999816894531
2018-03-30,46.66999816894531
2018-04-02,48.619998931884766
2018-04-03,47.09000015258789
2018-04-04,45.939998626708984
2018-04-05,48.58000183105469
2018-04-06,49.380001068115234
2018-04-09,49.189998626708984
2018-04-10,49.7599983215332
2018-04-11,49.70000076293945
2018-04-12,50.06999969482422
2018-04-13,50.95000076293945
2018-04-16,51.08000183105469
2018-04-17,51.75
2018-04-18,52.650001525878906
2018-04-19,52.529998779296875
2018-04-20,51.720001220703125
2018-04-23,51.84000015258789
2018-04-24,52.459999084472656
2018-04-25,50.779998779296875
2018-04-26,51.20000076293945
2018-04-27,51.310001373291016
2018-04-30,50.06999969482422
2018-05-01,48.22999954223633
2018-05-02,48.25
2018-05-03,48.119998931884766
2018-05-04,50.5
2018-05-07,50.75
2018-05-08,50.0
2018-05-09,50.59000015258789
2018-05-10,51.0
2018-05-11,51.0099983215332
2018-05-14,51.18000030517578
2018-05-15,50.79999923706055
2018-05-16,51.11000061035156
2018-05-17,52.31999969482422
2018-05-18,52.5
2018-05-21,52.79999923706055
2018-05-22,52.86000061035156
2018-05-23,51.310001373291016
2018-05-24,51.540000915527344
2018-05-25,51.099998474121094
2018-05-28,51.099998474121094
2018-05-29,50.029998779296875
2018-05-30,50.29999923706055
2018-05-31,49.939998626708984
2018-06-01,49.529998779296875
2018-06-04,49.619998931884766
2018-06-05,50.25
2018-06-06,50.130001068115234
2018-06-07,51.369998931884766
2018-06-08,50.619998931884766
2018-06-11,51.43000030517578
2018-06-12,51.15999984741211
2018-06-13,50.029998779296875
2018-06-14,49.959999084472656
2018-06-15,49.5
2018-06-18,48.91999816894531
2018-06-19,48.0
2018-06-20,47.380001068115234
2018-06-21,47.0
2018-06-22,47.209999084472656
2018-06-25,47.130001068115234
2018-06-26,46.90999984741211
2018-06-27,45.11000061035156
2018-06-28,43.7599983215332
2018-06-29,43.9900016784668
2018-07-02,43.849998474121094
2018-07-03,44.02000045776367
2018-07-04,44.02000045776367
2018-07-05,43.880001068115234
2018-07-06,44.02000045776367
2018-07-09,44.61000061035156
2018-07-10,45.650001525878906
2018-07-11,45.220001220703125
2018-07-12,44.45000076293945
2018-07-13,44.5099983215332
2018-07-16,44.86000061035156
2018-07-17,43.0
2018-07-18,45.09000015258789
2018-07-19,45.40999984741211
2018-07-20,45.279998779296875
2018-07-23,45.20000076293945
2018-07-24,45.5
2018-07-25,44.650001525878906
2018-07-26,45.630001068115234
2018-07-27,46.13999938964844
2018-07-30,45.709999084472656
2018-07-31,45.25
2018-08-01,45.77000045776367
2018-08-02,44.54999923706055
2018-08-03,43.810001373291016
2018-08-06,46.880001068115234
2018-08-07,46.65999984741211
2018-08-08,47.959999084472656
2018-08-09,47.75
2018-08-10,46.54999923706055
2018-08-13,45.0
2018-08-14,44.380001068115234
2018-08-15,43.880001068115234
2018-08-16,42.90999984741211
2018-08-17,43.209999084472656
2018-08-20,43.220001220703125
2018-08-21,43.279998779296875
2018-08-22,43.72999954223633
2018-08-23,43.79999923706055
2018-08-24,44.0
2018-08-27,44.459999084472656
2018-08-28,45.9900016784668
2018-08-29,45.130001068115234
2018-08-30,44.63999938964844
2018-08-31,43.220001220703125
2018-09-03,43.220001220703125
2018-09-04,43.060001373291016
2018-09-05,43.77000045776367
2018-09-06,44.41999816894531
2018-09-07,43.220001220703125
2018-09-10,44.290000915527344
2018-09-11,44.209999084472656
2018-09-12,41.43000030517578
2018-09-13,39.459999084472656
2018-09-14,39.91999816894531
2018-09-17,40.25
2018-09-18,40.41999816894531
2018-09-19,40.27000045776367
2018-09-20,40.959999084472656
2018-09-21,41.66999816894531
2018-09-24,40.619998931884766
2018-09-25,39.83000183105469
2018-09-26,39.369998931884766
2018-09-27,39.27000045776367
2018-09-28,39.0
2018-10-01,39.59000015258789
2018-10-02,39.5099983215332
2018-10-03,40.880001068115234
2018-10-04,41.29999923706055
2018-10-05,40.83000183105469
2018-10-08,38.56999969482422
2018-10-09,38.599998474121094
2018-10-10,35.279998779296875
2018-10-11,35.619998931884766
2018-10-12,36.130001068115234
2018-10-15,36.349998474121094
2018-10-16,37.099998474121094
2018-10-17,37.369998931884766
2018-10-18,36.40999984741211
2018-10-19,35.63999938964844
2018-10-22,36.0099983215332
2018-10-23,34.310001373291016
2018-10-24,34.0099983215332
2018-10-25,32.310001373291016
2018-10-26,32.25
2018-10-29,33.939998626708984
2018-10-30,32.29999923706055
2018-10-31,33.09000015258789
2018-11-01,33.72999954223633
2018-11-02,31.479999542236328
2018-11-05,34.349998474121094
2018-11-06,33.189998626708984
2018-11-07,34.33000183105469
2018-11-08,34.2599983215332
2018-11-09,32.40999984741211
2018-11-12,32.08000183105469
2018-11-13,31.3799991607666
2018-11-14,31.3799991607666
2018-11-15,30.969999313354492
2018-11-16,30.790000915527344
2018-11-19,29.450000762939453
2018-11-20,28.600000381469727
2018-11-21,28.90999984741211
2018-11-22,28.90999984741211
2018-11-23,28.899999618530273
2018-11-26,29.31999969482422
2018-11-27,28.68000030517578
2018-11-28,28.280000686645508
2018-11-29,28.059999465942383
2018-11-30,28.389999389648438
2018-12-03,29.15999984741211
2018-12-04,28.93000030517578
2018-12-05,28.93000030517578
2018-12-06,26.709999084472656
2018-12-07,26.920000076293945
2018-12-10,25.93000030517578
2018-12-11,26.139999389648438
2018-12-12,26.030000686645508
2018-12-13,26.829999923706055
2018-12-14,26.670000076293945
2018-12-17,27.540000915527344
2018-12-18,27.1299991607666
2018-12-19,27.18000030517578
2018-12-20,26.389999389648438
2018-12-21,26.6200008392334
2018-12-24,26.15999984741211
2018-12-25,26.15999984741211
2018-12-26,25.75
2018-12-27,26.93000030517578
2018-12-28,27.8700008392334
2018-12-31,27.790000915527344
2019-01-01,27.790000915527344
2019-01-02,27.670000076293945
2019-01-03,29.270000457763672
2019-01-04,29.719999313354492
2019-01-07,31.15999984741211
2019-01-08,32.56999969482422
2019-01-09,33.529998779296875
2019-01-10,32.619998931884766
2019-01-11,33.43000030517578
2019-01-14,33.43000030517578
2019-01-15,32.90999984741211
2019-01-16,32.61000061035156
2019-01-17,33.65999984741211
2019-01-18,34.529998779296875
2019-01-21,34.529998779296875
2019-01-22,34.52000045776367
2019-01-23,33.869998931884766
2019-01-24,33.38999938964844
2019-01-25,34.31999969482422
2019-01-28,35.20000076293945
2019-01-29,34.83000183105469
2019-01-30,35.209999084472656
2019-01-31,35.59000015258789
2019-02-01,35.77000045776367
2019-02-04,36.869998931884766
2019-02-05,37.31999969482422
2019-02-06,37.34000015258789
2019-02-07,37.290000915527344
2019-02-08,36.18000030517578
2019-02-11,36.400001525878906
2019-02-12,37.4900016784668
2019-02-13,38.7400016784668
2019-02-14,38.560001373291016
2019-02-15,39.40999984741211
2019-02-18,39.40999984741211
2019-02-19,37.279998779296875
2019-02-20,37.54999923706055
2019-02-21,38.27000045776367
2019-02-22,38.130001068115234
2019-02-25,39.31999969482422
2019-02-26,38.38999938964844
2019-02-27,37.84000015258789
2019-02-28,38.720001220703125
2019-03-01,38.47999954223633
2019-03-04,38.2400016784668
2019-03-05,37.720001220703125
2019-03-06,37.66999816894531
2019-03-07,37.45000076293945
2019-03-08,37.75
2019-03-11,38.18000030517578
2019-03-12,38.459999084472656
2019-03-13,38.720001220703125
2019-03-14,38.880001068115234
2019-03-15,38.08000183105469
2019-03-18,37.779998779296875
2019-03-19,39.43000030517578
2019-03-20,39.380001068115234
2019-03-21,39.84000015258789
2019-03-22,40.2599983215332
2019-03-25,38.29999923706055
2019-03-26,36.279998779296875
2019-03-27,35.58000183105469
2019-03-28,35.68000030517578
2019-03-29,37.0
2019-04-01,37.36000061035156
2019-04-02,37.5
2019-04-03,37.869998931884766
2019-04-04,38.0099983215332
2019-04-05,38.20000076293945
2019-04-08,38.099998474121094
2019-04-09,38.09000015258789
2019-04-10,37.720001220703125
2019-04-11,38.54999923706055
2019-04-12,39.45000076293945
2019-04-15,40.93000030517578
2019-04-16,40.45000076293945
2019-04-17,40.599998474121094
2019-04-18,39.83000183105469
2019-04-19,39.83000183105469
2019-04-22,39.0099983215332
2019-04-23,39.4900016784668
2019-04-24,39.77000045776367
2019-04-25,38.68000030517578
2019-04-26,37.939998626708984
2019-04-29,38.41999816894531
2019-04-30,37.43000030517578
2019-05-01,35.9900016784668
2019-05-02,34.630001068115234
2019-05-03,33.310001373291016
2019-05-06,33.0
2019-05-07,30.989999771118164
2019-05-08,28.799999237060547
2019-05-09,28.719999313354492
2019-05-10,27.209999084472656
2019-05-13,25.950000762939453
2019-05-14,25.469999313354492
2019-05-15,24.0
2019-05-16,23.809999465942383
2019-05-17,23.610000610351562
2019-05-20,22.75
2019-05-21,22.93000030517578
2019-05-22,23.59000015258789
2019-05-23,23.280000686645508
2019-05-24,23.18000030517578
2019-05-27,23.18000030517578
2019-05-28,22.6200008392334
2019-05-29,22.350000381469727
2019-05-30,22.549999237060547
2019-05-31,21.780000686645508
2019-06-03,21.06999969482422
2019-06-04,22.489999771118164
2019-06-05,23.389999389648438
2019-06-06,22.43000030517578
2019-06-07,22.719999313354492
2019-06-10,22.690000534057617
2019-06-11,23.920000076293945
2019-06-12,23.719999313354492
2019-06-13,23.739999771118164
2019-06-14,24.079999923706055
2019-06-17,23.850000381469727
2019-06-18,23.809999465942383
2019-06-19,24.459999084472656
2019-06-20,24.809999465942383
2019-06-21,24.309999465942383
2019-06-24,24.809999465942383
2019-06-25,24.020000457763672
2019-06-26,24.700000762939453
2019-06-27,25.0
2019-06-28,25.0
2019-07-01,24.469999313354492
2019-07-02,22.469999313354492
2019-07-03,21.049999237060547
2019-07-04,21.049999237060547
2019-07-05,21.459999084472656
2019-07-08,20.989999771118164
2019-07-09,19.559999465942383
2019-07-10,20.110000610351562
2019-07-11,19.670000076293945
2019-07-12,18.850000381469727
2019-07-15,19.690000534057617
2019-07-16,19.450000762939453
2019-07-17,20.25
2019-07-18,19.3799991607666
2019-07-19,19.110000610351562
2019-07-22,18.90999984741211
2019-07-23,18.670000076293945
2019-07-24,19.079999923706055
2019-07-25,19.15999984741211
2019-07-26,19.149999618530273
2019-07-29,19.510000228881836
2019-07-30,19.059999465942383
2019-07-31,19.31999969482422
2019-08-01,19.100000381469727
2019-08-02,15.59000015258789
2019-08-05,14.5600004196167
2019-08-06,13.770000457763672
2019-08-07,13.960000038146973
2019-08-08,14.350000381469727
2019-08-09,14.229999542236328
2019-08-12,13.229999542236328
2019-08-13,12.460000038146973
2019-08-14,12.140000343322754
2019-08-15,11.930000305175781
2019-08-16,11.859999656677246
2019-08-19,13.199999809265137
2019-08-20,13.34000015258789
2019-08-21,13.239999771118164
2019-08-22,14.199999809265137
2019-08-23,13.010000228881836
2019-08-26,13.3100004196167
2019-08-27,12.829999923706055
2019-08-28,12.359999656677246
2019-08-29,13.210000038146973
2019-08-30,14.0
2019-09-02,14.0
2019-09-03,13.90999984741211
2019-09-04,13.600000381469727
2019-09-05,13.800000190734863
2019-09-06,14.649999618530273
2019-09-09,14.520000457763672
2019-09-10,16.030000686645508
2019-09-11,16.510000228881836
2019-09-12,16.43000030517578
2019-09-13,16.850000381469727
2019-09-16,16.90999984741211
2019-09-17,16.84000015258789
2019-09-18,16.56999969482422
2019-09-19,16.239999771118164
2019-09-20,16.43000030517578
2019-09-23,15.949999809265137
2019-09-24,16.15999984741211
2019-09-25,14.279999732971191
2019-09-26,14.729999542236328
2019-09-27,14.390000343322754
2019-09-30,14.609999656677246
2019-10-01,15.029999732971191
2019-10-02,13.720000267028809
2019-10-03,13.420000076293945
2019-10-04,13.600000381469727
2019-10-07,13.25
2019-10-08,13.210000038146973
2019-10-09,13.260000228881836
2019-10-10,13.510000228881836
2019-10-11,14.199999809265137
2019-10-14,14.75
2019-10-15,14.619999885559082
2019-10-16,14.729999542236328
2019-10-17,15.369999885559082
2019-10-18,15.050000190734863
2019-10-21,15.319999694824219
2019-10-22,15.609999656677246
2019-10-23,16.25
2019-10-24,16.8799991607666
2019-10-25,16.18000030517578
2019-10-28,16.809999465942383
2019-10-29,16.899999618530273
2019-10-30,16.489999771118164
2019-10-31,16.440000534057617
2019-11-01,16.639999389648438
2019-11-04,17.709999084472656
2019-11-05,18.299999237060547
2019-11-06,19.700000762939453
2019-11-07,19.290000915527344
2019-11-08,19.649999618530273
2019-11-11,19.389999389648438
2019-11-12,19.639999389648438
2019-11-13,19.299999237060547
2019-11-14,18.5
2019-11-15,18.690000534057617
2019-11-18,18.420000076293945
2019-11-19,16.950000762939453
2019-11-20,17.09000015258789
2019-11-21,17.149999618530273
2019-11-22,16.34000015258789
2019-11-25,16.1299991607666
2019-11-26,16.56999969482422
2019-11-27,15.819999694824219
2019-11-28,15.819999694824219
2019-11-29,16.09000015258789
2019-12-02,15.989999771118164
2019-12-03,15.380000114440918
2019-12-04,15.609999656677246
2019-12-05,15.479999542236328
2019-12-06,15.399999618530273
2019-12-09,16.649999618530273
2019-12-10,16.6299991607666
2019-12-11,16.270000457763672
2019-12-12,16.639999389648438
2019-12-13,17.899999618530273
2019-12-16,17.229999542236328
2019-12-17,17.510000228881836
2019-12-18,17.6299991607666
2019-12-19,17.670000076293945
2019-12-20,18.940000534057617
2019-12-23,18.0
2019-12-24,18.690000534057617
2019-12-25,18.690000534057617
2019-12-26,18.450000762939453
2019-12-27,18.5
2019-12-30,17.6299991607666
2019-12-31,17.549999237060547
2020-01-01,17.549999237060547
2020-01-02,18.43000030517578
2020-01-03,17.719999313354492
2020-01-06,16.780000686645508
2020-01-07,17.010000228881836
2020-01-08,17.280000686645508
2020-01-09,17.149999618530273
2020-01-10,16.739999771118164
2020-01-13,16.489999771118164
2020-01-14,16.920000076293945
2020-01-15,18.020000457763672
2020-01-16,17.81999969482422
2020-01-17,18.110000610351562
2020-01-20,18.110000610351562
2020-01-21,17.40999984741211
2020-01-22,16.709999084472656
2020-01-23,16.09000015258789
2020-01-24,16.34000015258789
2020-01-27,15.0
2020-01-28,14.699999809265137
2020-01-29,14.5600004196167
2020-01-30,14.289999961853027
2020-01-31,14.15999984741211
2020-02-03,13.920000076293945
2020-02-04,14.6899995803833
2020-02-05,14.75
2020-02-06,14.979999542236328
2020-02-07,14.40999984741211
2020-02-10,14.039999961853027
2020-02-11,14.279999732971191
2020-02-12,15.390000343322754
2020-02-13,15.470000267028809
2020-02-14,16.729999542236328
2020-02-17,16.729999542236328
2020-02-18,19.260000228881836
2020-02-19,18.68000030517578
2020-02-20,19.149999618530273
2020-02-21,19.309999465942383
2020-02-24,18.209999084472656
2020-02-25,18.760000228881836
2020-02-26,16.190000534057617
2020-02-27,15.0
2020-02-28,13.5600004196167
2020-03-02,14.949999809265137
2020-03-03,14.529999732971191
2020-03-04,14.960000038146973
2020-03-05,14.930000305175781
2020-03-06,14.350000381469727
2020-03-09,11.720000267028809
2020-03-10,11.079999923706055
2020-03-11,11.0600004196167
2020-03-12,9.850000381469727
2020-03-13,10.149999618530273
2020-03-16,8.399999618530273
2020-03-17,9.390000343322754
2020-03-18,9.930000305175781
2020-03-19,9.3100004196167
2020-03-20,10.5
2020-03-23,9.0
2020-03-24,9.029999732971191
2020-03-25,9.75
2020-03-26,10.960000038146973
2020-03-27,10.380000114440918
2020-03-30,9.539999961853027
2020-03-31,9.59000015258789
2020-04-01,8.359999656677246
2020-04-02,7.559999942779541
2020-04-03,7.639999866485596
2020-04-06,7.960000038146973
2020-04-07,9.079999923706055
2020-04-08,8.680000305175781
2020-04-09,9.9399995803833
2020-04-10,9.9399995803833
2020-04-13,11.15999984741211
2020-04-14,11.0
2020-04-15,10.010000228881836
2020-04-16,9.5600004196167
2020-04-17,10.029999732971191
2020-04-20,10.100000381469727
2020-04-21,9.989999771118164
2020-04-22,10.510000228881836
2020-04-23,10.34000015258789
2020-04-24,10.739999771118164
2020-04-27,10.819999694824219
2020-04-28,11.5
2020-04-29,11.979999542236328
2020-04-30,12.039999961853027
2020-05-01,11.390000343322754
2020-05-04,10.59000015258789
2020-05-05,11.479999542236328
2020-05-06,12.920000076293945
2020-05-07,12.65999984741211
2020-05-08,12.119999885559082
2020-05-11,12.890000343322754
2020-05-12,12.630000114440918
2020-05-13,11.800000190734863
2020-05-14,10.850000381469727
2020-05-15,11.220000267028809
2020-05-18,12.100000381469727
2020-05-19,12.479999542236328
2020-05-20,12.75
2020-05-21,12.739999771118164
2020-05-22,12.430000305175781
2020-05-25,12.430000305175781
2020-05-26,13.279999732971191
2020-05-27,13.84000015258789
2020-05-28,14.300000190734863
2020-05-29,13.260000228881836
2020-06-01,13.199999809265137
2020-06-02,13.8100004196167
2020-06-03,14.670000076293945
2020-06-04,14.619999885559082
2020-06-05,17.079999923706055
2020-06-08,17.0
2020-06-09,17.149999618530273
2020-06-10,16.610000610351562
2020-06-11,14.699999809265137
2020-06-12,14.9399995803833
2020-06-15,14.029999732971191
2020-06-16,16.43000030517578
2020-06-17,16.40999984741211
2020-06-18,15.609999656677246
2020-06-19,16.010000228881836
2020-06-22,15.649999618530273
2020-06-23,16.190000534057617
2020-06-24,15.300000190734863
2020-06-25,14.859999656677246
2020-06-26,15.5
2020-06-29,15.199999809265137
2020-06-30,15.069999694824219
2020-07-01,15.479999542236328
2020-07-02,14.850000381469727
2020-07-03,14.850000381469727
2020-07-06,16.170000076293945
2020-07-07,16.049999237060547
2020-07-08,15.770000457763672
2020-07-09,15.550000190734863
2020-07-10,15.34000015258789
2020-07-13,16.010000228881836
2020-07-14,15.539999961853027
2020-07-15,16.6299991607666
2020-07-16,16.40999984741211
2020-07-17,16.649999618530273
2020-07-20,16.270000457763672
2020-07-21,16.25
2020-07-22,16.600000381469727
2020-07-23,16.739999771118164
2020-07-24,17.06999969482422
2020-07-27,16.969999313354492
2020-07-28,18.25
2020-07-29,18.229999542236328
2020-07-30,18.139999389648438
2020-07-31,18.139999389648438
2020-08-03,18.829999923706055
2020-08-04,19.15999984741211
2020-08-05,19.920000076293945
2020-08-06,20.75
2020-08-07,20.020000457763672
2020-08-10,20.0
2020-08-11,20.940000534057617
2020-08-12,21.329999923706055
2020-08-13,21.469999313354492
2020-08-14,20.860000610351562
2020-08-17,21.139999389648438
2020-08-18,20.75
2020-08-19,20.690000534057617
2020-08-20,20.40999984741211
2020-08-21,20.399999618530273
2020-08-24,20.110000610351562
2020-08-25,20.700000762939453
2020-08-26,20.610000610351562
2020-08-27,20.989999771118164
2020-08-28,20.700000762939453
2020-08-31,21.0
2020-09-01,20.600000381469727
2020-09-02,21.770000457763672
2020-09-03,21.700000762939453
2020-09-04,20.600000381469727
2020-09-07,20.600000381469727
2020-09-08,20.440000534057617
2020-09-09,20.690000534057617
2020-09-10,21.0
2020-09-11,20.8700008392334
2020-09-14,21.5
2020-09-15,21.850000381469727
2020-09-16,21.3799991607666
2020-09-17,20.889999389648438
2020-09-18,22.309999465942383
2020-09-21,20.90999984741211
2020-09-22,20.600000381469727
2020-09-23,20.040000915527344
2020-09-24,19.540000915527344
2020-09-25,19.6299991607666
2020-09-28,19.979999542236328
2020-09-29,20.600000381469727
2020-09-30,20.329999923706055
2020-10-01,21.270000457763672
2020-10-02,19.889999389648438
2020-10-05,21.690000534057617
2020-10-06,22.360000610351562
2020-10-07,22.760000228881836
2020-10-08,23.100000381469727
2020-10-09,23.790000915527344
2020-10-12,23.270000457763672
2020-10-13,23.059999465942383
2020-10-14,22.84000015258789
2020-10-15,22.31999969482422
2020-10-16,23.190000534057617
2020-10-19,23.15999984741211
2020-10-20,22.979999542236328
2020-10-21,22.510000228881836
2020-10-22,21.579999923706055
2020-10-23,21.719999313354492
2020-10-26,21.299999237060547
2020-10-27,20.600000381469727
2020-10-28,19.799999237060547
2020-10-29,19.56999969482422
2020-10-30,20.59000015258789
2020-11-02,20.559999465942383
2020-11-03,21.3700008392334
2020-11-04,21.59000015258789
2020-11-05,22.010000228881836
2020-11-06,23.489999771118164
2020-11-09,24.079999923706055
2020-11-10,22.40999984741211
2020-11-11,22.56999969482422
2020-11-12,22.31999969482422
2020-11-13,21.770000457763672
2020-11-16,22.8700008392334
2020-11-17,22.760000228881836
2020-11-18,23.969999313354492
2020-11-19,23.299999237060547
2020-11-20,23.68000030517578
2020-11-23,23.079999923706055
2020-11-24,24.31999969482422
2020-11-25,25.389999389648438
2020-11-26,25.389999389648438
2020-11-27,25.049999237060547
2020-11-30,24.829999923706055
2020-12-01,25.100000381469727
2020-12-02,25.040000915527344
2020-12-03,25.280000686645508
2020-12-04,24.920000076293945
2020-12-07,26.030000686645508
2020-12-08,26.190000534057617
2020-12-09,26.809999465942383
2020-12-10,26.530000686645508
2020-12-11,26.399999618530273
2020-12-14,27.0
2020-12-15,26.290000915527344
2020-12-16,27.139999389648438
2020-12-17,27.309999465942383
2020-12-18,27.799999237060547
2020-12-21,26.440000534057617
2020-12-22,27.469999313354492
2020-12-23,27.0
2020-12-24,26.709999084472656
2020-12-25,26.709999084472656
2020-12-28,27.190000534057617
2020-12-29,25.899999618530273
2020-12-30,24.84000015258789
2020-12-31,25.190000534057617
2021-01-01,25.190000534057617
2021-01-04,25.1200008392334
2021-01-05,24.8700008392334
2021-01-06,26.170000076293945
2021-01-07,28.420000076293945
2021-01-08,29.200000762939453
2021-01-11,26.93000030517578
2021-01-12,27.329999923706055
2021-01-13,27.299999237060547
2021-01-14,27.399999618530273
2021-01-15,27.18000030517578
2021-01-18,27.18000030517578
2021-01-19,27.489999771118164
2021-01-20,29.0
2021-01-21,28.350000381469727
2021-01-22,26.559999465942383
2021-01-25,27.270000457763672
2021-01-26,27.149999618530273
2021-01-27,26.18000030517578
2021-01-28,27.479999542236328
2021-01-29,27.649999618530273
2021-02-01,26.760000228881836
2021-02-02,27.139999389648438
2021-02-03,26.219999313354492
2021-02-04,26.3700008392334
2021-02-05,27.1200008392334
2021-02-08,27.8700008392334
2021-02-09,27.3799991607666
2021-02-10,27.649999618530273
2021-02-11,26.950000762939453
2021-02-12,28.420000076293945
2021-02-15,28.420000076293945
2021-02-16,26.200000762939453
2021-02-17,26.3700008392334
2021-02-18,25.719999313354492
2021-02-19,25.049999237060547
2021-02-22,25.93000030517578
2021-02-23,25.059999465942383
2021-02-24,25.040000915527344
2021-02-25,24.729999542236328
2021-02-26,23.860000610351562
2021-03-01,24.110000610351562
2021-03-02,24.010000228881836
2021-03-03,24.5
2021-03-04,25.549999237060547
2021-03-05,26.56999969482422
2021-03-08,27.510000228881836
2021-03-09,26.56999969482422
2021-03-10,25.739999771118164
2021-03-11,27.209999084472656
2021-03-12,27.350000381469727
2021-03-15,29.06999969482422
2021-03-16,26.600000381469727
2021-03-17,26.5
2021-03-18,27.440000534057617
2021-03-19,26.860000610351562
2021-03-22,26.510000228881836
2021-03-23,26.56999969482422
2021-03-24,25.299999237060547
2021-03-25,24.5
2021-03-26,26.610000610351562
2021-03-29,27.549999237060547
2021-03-30,28.360000610351562
2021-03-31,28.030000686645508
2021-04-01,28.139999389648438
2021-04-02,28.139999389648438
2021-04-05,28.610000610351562
2021-04-06,29.049999237060547
2021-04-07,28.799999237060547
2021-04-08,28.530000686645508
2021-04-09,27.420000076293945
2021-04-12,28.0
2021-04-13,29.09000015258789
2021-04-14,28.639999389648438
2021-04-15,29.989999771118164
2021-04-16,30.469999313354492
2021-04-19,30.34000015258789
2021-04-20,29.639999389648438
2021-04-21,28.940000534057617
2021-04-22,29.700000762939453
2021-04-23,29.059999465942383
2021-04-26,30.059999465942383
2021-04-27,31.059999465942383
2021-04-28,31.209999084472656
2021-04-29,31.84000015258789
2021-04-30,30.81999969482422
2021-05-03,30.860000610351562
2021-05-04,30.760000228881836
2021-05-05,32.09000015258789
2021-05-06,33.810001373291016
2021-05-07,34.70000076293945
2021-05-10,35.0
2021-05-11,33.52000045776367
2021-05-12,34.029998779296875
2021-05-13,32.65999984741211
2021-05-14,33.77000045776367
2021-05-17,33.59000015258789
2021-05-18,34.880001068115234
2021-05-19,33.5
2021-05-20,33.93000030517578
2021-05-21,33.77000045776367
2021-05-24,34.06999969482422
2021-05-25,34.38999938964844
2021-05-26,34.36000061035156
2021-05-27,35.79999923706055
2021-05-28,35.97999954223633
2021-05-31,35.97999954223633
2021-06-01,36.560001373291016
2021-06-02,37.5
2021-06-03,36.900001525878906
2021-06-04,37.47999954223633
2021-06-07,37.209999084472656
2021-06-08,36.220001220703125
2021-06-09,38.47999954223633
2021-06-10,38.189998626708984
2021-06-11,37.59000015258789
2021-06-14,37.27000045776367
2021-06-15,36.40999984741211
2021-06-16,36.7599983215332
2021-06-17,36.400001525878906
2021-06-18,33.849998474121094
2021-06-21,33.380001068115234
2021-06-22,33.779998779296875
2021-06-23,34.31999969482422
2021-06-24,34.81999969482422
2021-06-25,35.630001068115234
2021-06-28,34.86000061035156
2021-06-29,34.7400016784668
2021-06-30,34.58000183105469
2021-07-01,35.349998474121094
2021-07-02,35.2599983215332
2021-07-05,35.2599983215332
2021-07-06,35.5
2021-07-07,33.77000045776367
2021-07-08,32.9900016784668
2021-07-09,34.09000015258789
2021-07-12,34.06999969482422
2021-07-13,34.95000076293945
2021-07-14,34.25
2021-07-15,33.529998779296875
2021-07-16,33.9900016784668
2021-07-19,30.690000534057617
2021-07-20,30.979999542236328
2021-07-21,32.29999923706055
2021-07-22,32.33000183105469
2021-07-23,32.25
2021-07-26,31.959999084472656
2021-07-27,31.799999237060547
2021-07-28,32.29999923706055
2021-07-29,32.869998931884766
2021-07-30,33.29999923706055
2021-08-02,33.650001525878906
2021-08-03,34.2599983215332
2021-08-04,34.02000045776367
2021-08-05,32.970001220703125
2021-08-06,33.65999984741211
2021-08-09,33.38999938964844
2021-08-10,33.560001373291016
2021-08-11,34.349998474121094
2021-08-12,34.79999923706055
2021-08-13,34.150001525878906
2021-08-16,33.84000015258789
2021-08-17,33.439998626708984
2021-08-18,33.40999984741211
2021-08-19,32.279998779296875
2021-08-20,31.309999465942383
2021-08-23,31.969999313354492
2021-08-24,32.90999984741211
2021-08-25,33.4900016784668
2021-08-26,34.189998626708984
2021-08-27,34.189998626708984
2021-08-30,34.90999984741211
2021-08-31,33.779998779296875
2021-09-01,33.5099983215332
2021-09-02,33.5099983215332
2021-09-03,33.630001068115234
2021-09-06,33.630001068115234
2021-09-07,32.9900016784668
2021-09-08,32.88999938964844
2021-09-09,31.100000381469727
2021-09-10,32.08000183105469
2021-09-13,31.65999984741211
2021-09-14,31.860000610351562
2021-09-15,31.139999389648438
2021-09-16,31.479999542236328
2021-09-17,30.34000015258789
2021-09-20,28.040000915527344
2021-09-21,28.219999313354492
2021-09-22,27.489999771118164
2021-09-23,27.559999465942383
2021-09-24,27.1200008392334
2021-09-27,27.469999313354492
2021-09-28,29.90999984741211
2021-09-29,29.31999969482422
2021-09-30,29.520000457763672
2021-10-01,29.290000915527344
2021-10-04,29.940000534057617
2021-10-05,29.68000030517578
2021-10-06,29.8700008392334
2021-10-07,30.389999389648438
2021-10-08,30.6299991607666
2021-10-11,31.290000915527344
2021-10-12,31.350000381469727
2021-10-13,30.760000228881836
2021-10-14,30.489999771118164
2021-10-15,31.170000076293945
2021-10-18,30.469999313354492
2021-10-19,30.790000915527344
2021-10-20,30.3799991607666
2021-10-21,30.3700008392334
2021-10-22,29.600000381469727
2021-10-25,29.56999969482422
2021-10-26,29.59000015258789
2021-10-27,28.799999237060547
2021-10-28,28.010000228881836
2021-10-29,28.190000534057617
2021-11-01,28.149999618530273
2021-11-02,28.579999923706055
2021-11-03,29.450000762939453
2021-11-04,30.299999237060547
2021-11-05,32.15999984741211
2021-11-08,33.04999923706055
2021-11-09,31.65999984741211
2021-11-10,31.350000381469727
2021-11-11,31.829999923706055
2021-11-12,32.38999938964844
2021-11-15,33.41999816894531
2021-11-16,33.11000061035156
2021-11-17,32.9900016784668
2021-11-18,32.599998474121094
2021-11-19,31.5
2021-11-22,32.0
2021-11-23,32.43000030517578
2021-11-24,32.939998626708984
2021-11-25,32.939998626708984
2021-11-26,31.149999618530273
2021-11-29,31.5
2021-11-30,30.559999465942383
2021-12-01,30.670000076293945
2021-12-02,30.049999237060547
2021-12-03,29.989999771118164
2021-12-06,29.760000228881836
2021-12-07,31.1200008392334
2021-12-08,32.15999984741211
2021-12-09,31.649999618530273
2021-12-10,33.290000915527344
2021-12-13,32.599998474121094
2021-12-14,31.389999389648438
2021-12-15,32.099998474121094
2021-12-16,32.95000076293945
2021-12-17,32.540000915527344
2021-12-20,31.65999984741211
2021-12-21,31.709999084472656
2021-12-22,31.920000076293945
2021-12-23,32.13999938964844
2021-12-24,32.13999938964844
2021-12-27,31.920000076293945
2021-12-28,32.689998626708984
2021-12-29,32.7599983215332
2021-12-30,33.369998931884766
2021-12-31,33.060001373291016
2022-01-03,33.900001525878906
2022-01-04,34.540000915527344
2022-01-05,35.900001525878906
2022-01-06,35.29999923706055
2022-01-07,35.75
2022-01-10,36.16999816894531
2022-01-11,35.5
2022-01-12,36.130001068115234
2022-01-13,36.0
2022-01-14,35.5
2022-01-17,35.5
2022-01-18,36.04999923706055
2022-01-19,36.20000076293945
2022-01-20,35.4900016784668
2022-01-21,33.65999984741211
2022-01-24,32.619998931884766
2022-01-25,32.040000915527344
2022-01-26,33.279998779296875
2022-01-27,33.20000076293945
2022-01-28,32.5
2022-01-31,32.0
2022-02-01,33.0
2022-02-02,33.7599983215332
2022-02-03,33.459999084472656
2022-02-04,33.349998474121094
2022-02-07,33.09000015258789
2022-02-08,32.869998931884766
2022-02-09,34.65999984741211
2022-02-10,35.68000030517578
2022-02-11,32.349998474121094
2022-02-14,29.950000762939453
2022-02-15,29.950000762939453
2022-02-16,30.989999771118164
2022-02-17,30.760000228881836
2022-02-18,29.639999389648438
2022-02-21,29.639999389648438
2022-02-22,29.239999771118164
2022-02-23,28.84000015258789
2022-02-24,26.860000610351562
2022-02-25,27.260000228881836
2022-02-28,27.8700008392334
2022-03-01,27.510000228881836
2022-03-02,26.440000534057617
2022-03-03,27.139999389648438
2022-03-04,26.110000610351562
2022-03-07,25.209999084472656
2022-03-08,23.719999313354492
2022-03-09,24.790000915527344
2022-03-10,24.969999313354492
2022-03-11,26.18000030517578
2022-03-14,27.149999618530273
2022-03-15,27.579999923706055
2022-03-16,28.309999465942383
2022-03-17,28.459999084472656
2022-03-18,28.90999984741211
2022-03-21,30.079999923706055
2022-03-22,30.290000915527344
2022-03-23,30.229999542236328
2022-03-24,30.969999313354492
2022-03-25,31.81999969482422
2022-03-28,31.920000076293945
2022-03-29,31.950000762939453
2022-03-30,32.290000915527344
2022-03-31,32.2400016784668
2022-04-01,31.979999542236328
2022-04-04,32.31999969482422
2022-04-05,32.0
2022-04-06,32.2599983215332
2022-04-07,31.709999084472656
2022-04-08,31.780000686645508
2022-04-11,32.380001068115234
2022-04-12,32.84000015258789
2022-04-13,32.5
2022-04-14,33.869998931884766
2022-04-15,33.869998931884766
2022-04-18,33.68000030517578
2022-04-19,33.77000045776367
2022-04-20,35.310001373291016
2022-04-21,36.09000015258789
2022-04-22,34.91999816894531
2022-04-25,33.16999816894531
2022-04-26,33.16999816894531
2022-04-27,32.650001525878906
2022-04-28,33.09000015258789
2022-04-29,33.40999984741211
2022-05-02,33.619998931884766
2022-05-03,35.83000183105469
2022-05-04,39.41999816894531
2022-05-05,40.917999267578125
2022-05-06,39.849998474121094
2022-05-09,39.38999938964844
2022-05-10,39.11000061035156
2022-05-11,38.16999816894531
2022-05-12,37.90999984741211
2022-05-13,38.439998626708984
2022-05-16,39.290000915527344
2022-05-17,41.61000061035156
2022-05-18,42.27000045776367
2022-05-19,40.540000915527344
2022-05-20,41.849998474121094
2022-05-23,42.095001220703125
2022-05-24,40.599998474121094
2022-05-25,40.41999816894531
2022-05-26,41.72999954223633
2022-05-27,43.04999923706055
2022-05-30,43.04999923706055
2022-05-31,43.61000061035156
2022-06-01,43.2599983215332
2022-06-02,43.689998626708984
2022-06-03,44.099998474121094
2022-06-06,44.0
2022-06-07,44.11000061035156
2022-06-08,44.22999954223633
2022-06-09,43.099998474121094
2022-06-10,41.040000915527344
2022-06-13,39.31999969482422
2022-06-14,37.689998626708984
2022-06-15,36.66999816894531
2022-06-16,34.52000045776367
2022-06-17,31.360000610351562
2022-06-20,31.360000610351562
2022-06-21,32.34000015258789
2022-06-22,30.899999618530273
2022-06-23,30.889999389648438
2022-06-24,29.770000457763672
2022-06-27,31.639999389648438
2022-06-28,31.65999984741211
2022-06-29,31.920000076293945
2022-06-30,30.90999984741211
2022-07-01,31.639999389648438
2022-07-04,31.639999389648438
2022-07-05,30.280000686645508
2022-07-06,29.93000030517578
2022-07-07,30.549999237060547
2022-07-08,31.889999389648438
2022-07-11,30.75
2022-07-12,30.84000015258789
2022-07-13,30.969999313354492
2022-07-14,30.68000030517578
2022-07-15,31.860000610351562
2022-07-18,31.889999389648438
2022-07-19,32.40999984741211
2022-07-20,33.70000076293945
2022-07-21,33.540000915527344
2022-07-22,34.369998931884766
2022-07-25,33.9900016784668
2022-07-26,34.0099983215332
2022-07-27,34.150001525878906
2022-07-28,34.5
2022-07-29,37.06999969482422
2022-08-01,35.59000015258789
2022-08-02,34.970001220703125
2022-08-03,35.029998779296875
2022-08-04,34.400001525878906
2022-08-05,34.630001068115234
2022-08-08,34.880001068115234
2022-08-09,34.470001220703125
2022-08-10,35.04999923706055
2022-08-11,35.79999923706055
2022-08-12,36.04999923706055
2022-08-15,35.90999984741211
2022-08-16,36.310001373291016
2022-08-17,36.709999084472656
2022-08-18,36.810001373291016
2022-08-19,36.93000030517578
2022-08-22,36.040000915527344
2022-08-23,36.11000061035156
2022-08-24,36.5
2022-08-25,36.58000183105469
2022-08-26,37.33000183105469
2022-08-29,35.20000076293945
2022-08-30,35.630001068115234
2022-08-31,34.5099983215332
2022-09-01,33.310001373291016
2022-09-02,34.130001068115234
2022-09-05,34.130001068115234
2022-09-06,33.63999938964844
2022-09-07,32.75
2022-09-08,33.810001373291016
2022-09-09,35.130001068115234
2022-09-12,36.29999923706055
2022-09-13,35.349998474121094
2022-09-14,34.75
2022-09-15,33.84000015258789
2022-09-16,33.0099983215332
2022-09-19,30.829999923706055
2022-09-20,31.709999084472656
2022-09-21,29.190000534057617
2022-09-22,28.229999542236328
2022-09-23,25.850000381469727
2022-09-26,24.969999313354492
2022-09-27,24.3700008392334
2022-09-28,24.170000076293945
2022-09-29,24.020000457763672
2022-09-30,24.329999923706055
2022-10-03,25.1299991607666
2022-10-04,26.43000030517578
2022-10-05,26.2549991607666
2022-10-06,27.549999237060547
2022-10-07,26.540000915527344
2022-10-10,26.84000015258789
2022-10-11,26.540000915527344
2022-10-12,26.6200008392334
2022-10-13,25.649999618530273
2022-10-14,27.670000076293945
2022-10-17,27.170000076293945
2022-10-18,29.049999237060547
2022-10-19,28.809999465942383
2022-10-20,28.81999969482422
2022-10-21,28.579999923706055
2022-10-24,29.43000030517578
2022-10-25,28.3799991607666
2022-10-26,27.739999771118164
2022-10-27,29.389999389648438
2022-10-28,28.780000686645508
2022-10-31,28.56999969482422
2022-11-01,28.940000534057617
2022-11-02,28.770000457763672
2022-11-03,27.170000076293945
2022-11-04,28.8799991607666
2022-11-07,30.389999389648438
2022-11-08,30.6299991607666
2022-11-09,29.950000762939453
2022-11-10,30.959999084472656
2022-11-11,32.9900016784668
2022-11-14,32.86000061035156
2022-11-15,33.84000015258789
2022-11-16,33.119998931884766
2022-11-17,31.559999465942383
2022-11-18,33.52000045776367
2022-11-21,32.41999816894531
2022-11-22,32.7599983215332
2022-11-23,32.79999923706055
2022-11-24,32.79999923706055
2022-11-25,32.63999938964844
2022-11-28,32.130001068115234
2022-11-29,30.850000381469727
2022-11-30,31.399999618530273
2022-12-01,31.149999618530273
2022-12-02,30.860000610351562
2022-12-05,30.8700008392334
2022-12-06,30.8700008392334
2022-12-07,30.43000030517578
2022-12-08,30.690000534057617
2022-12-09,29.709999084472656
2022-12-12,29.639999389648438
2022-12-13,31.709999084472656
2022-12-14,31.31999969482422
2022-12-15,31.1200008392334
2022-12-16,30.06999969482422
2022-12-19,30.739999771118164
2022-12-20,30.3799991607666
2022-12-21,31.25
2022-12-22,30.549999237060547
2022-12-23,29.489999771118164
2022-12-26,29.489999771118164
2022-12-27,30.950000762939453
2022-12-28,31.049999237060547
2022-12-29,30.100000381469727
2022-12-30,30.520000457763672
2023-01-02,30.520000457763672
2023-01-03,30.639999389648438
2023-01-04,31.0
2023-01-05,31.040000915527344
2023-01-06,31.209999084472656
2023-01-09,32.83000183105469
2023-01-10,31.639999389648438
2023-01-11,32.66999816894531
2023-01-12,33.0099983215332
2023-01-13,32.970001220703125
2023-01-16,32.970001220703125
2023-01-17,33.439998626708984
2023-01-18,33.619998931884766
2023-01-19,32.66999816894531
2023-01-20,32.77000045776367
2023-01-23,33.56999969482422
2023-01-24,34.75
2023-01-25,33.849998474121094
2023-01-26,33.95000076293945
2023-01-27,34.66999816894531
2023-01-30,34.7599983215332
2023-01-31,35.369998931884766
2023-02-01,36.099998474121094
2023-02-02,36.38999938964844
2023-02-03,35.540000915527344
2023-02-06,35.459999084472656
2023-02-07,35.2599983215332
2023-02-08,35.47999954223633
2023-02-09,35.369998931884766
2023-02-10,33.939998626708984
2023-02-13,34.58000183105469
2023-02-14,34.68000030517578
2023-02-15,34.150001525878906
2023-02-16,33.58000183105469
2023-02-17,34.630001068115234
2023-02-20,34.630001068115234
2023-02-21,34.689998626708984
2023-02-22,33.470001220703125
2023-02-23,33.79999923706055
2023-02-24,33.13999938964844
2023-02-27,34.31999969482422
2023-02-28,33.75
2023-03-01,34.220001220703125
2023-03-02,34.5
2023-03-03,36.25
2023-03-06,36.459999084472656
2023-03-07,35.52000045776367
2023-03-08,34.130001068115234
2023-03-09,34.150001525878906
2023-03-10,32.54999923706055
2023-03-13,30.399999618530273
2023-03-14,31.149999618530273
2023-03-15,29.899999618530273
2023-03-16,27.989999771118164
2023-03-17,29.139999389648438
2023-03-20,29.1200008392334
2023-03-21,29.860000610351562
2023-03-22,29.729999542236328
2023-03-23,29.31999969482422
2023-03-24,27.969999313354492
2023-03-27,29.34000015258789
2023-03-28,29.149999618530273
2023-03-29,29.850000381469727
2023-03-30,30.309999465942383
2023-03-31,29.850000381469727
2023-04-03,30.139999389648438
2023-04-04,30.290000915527344
2023-04-05,28.860000610351562
2023-04-06,28.639999389648438
2023-04-07,28.639999389648438
2023-04-10,28.530000686645508
2023-04-11,29.8700008392334
2023-04-12,30.690000534057617
2023-04-13,29.729999542236328
2023-04-14,30.290000915527344
2023-04-17,29.940000534057617
2023-04-18,29.690000534057617
2023-04-19,29.280000686645508
2023-04-20,28.889999389648438
2023-04-21,28.520000457763672
2023-04-24,28.299999237060547
2023-04-25,28.3700008392334
2023-04-26,27.31999969482422
2023-04-27,27.600000381469727
2023-04-28,27.6299991607666
2023-05-01,29.389999389648438
2023-05-02,29.309999465942383
2023-05-03,30.399999618530273
2023-05-04,29.200000762939453
2023-05-05,29.190000534057617
2023-05-08,29.93000030517578
2023-05-09,28.989999771118164
2023-05-10,29.6200008392334
2023-05-11,28.43000030517578
2023-05-12,28.110000610351562
2023-05-15,28.540000915527344
2023-05-16,28.780000686645508
2023-05-17,28.010000228881836
2023-05-18,28.5
2023-05-19,30.25
2023-05-22,29.770000457763672
2023-05-23,28.940000534057617
2023-05-24,28.729999542236328
2023-05-25,28.299999237060547
2023-05-26,28.1200008392334
2023-05-29,28.1200008392334
2023-05-30,28.579999923706055
2023-05-31,27.43000030517578
2023-06-01,26.690000534057617
2023-06-02,30.69499969482422
2023-06-05,33.77000045776367
2023-06-06,33.869998931884766
2023-06-07,34.72999954223633
2023-06-08,34.20000076293945
2023-06-09,32.70000076293945
2023-06-12,32.470001220703125
2023-06-13,31.829999923706055
2023-06-14,32.369998931884766
2023-06-15,32.790000915527344
2023-06-16,34.369998931884766
2023-06-19,34.369998931884766
2023-06-20,33.13999938964844
2023-06-21,33.529998779296875
2023-06-22,33.150001525878906
2023-06-23,32.790000915527344
2023-06-26,33.5099983215332
2023-06-27,34.16999816894531
2023-06-28,34.849998474121094
2023-06-29,35.349998474121094
2023-06-30,36.22999954223633
2023-07-03,36.88999938964844
2023-07-04,36.88999938964844
2023-07-05,36.86000061035156
2023-07-06,35.599998474121094
2023-07-07,36.02000045776367
2023-07-10,36.790000915527344
2023-07-11,37.540000915527344
2023-07-12,38.040000915527344
2023-07-13,38.45000076293945
2023-07-14,38.7599983215332
2023-07-17,38.189998626708984
2023-07-18,38.29999923706055
2023-07-19,38.43000030517578
2023-07-20,38.900001525878906
2023-07-21,38.29999923706055
2023-07-24,38.29999923706055
2023-07-25,37.81999969482422
2023-07-26,38.290000915527344
2023-07-27,38.25
2023-07-28,37.41999816894531
2023-07-31,36.529998779296875
2023-08-01,36.400001525878906
2023-08-02,36.130001068115234
2023-08-03,36.2599983215332
2023-08-04,36.75
2023-08-07,37.38999938964844
2023-08-08,36.61000061035156
2023-08-09,37.08000183105469
2023-08-10,35.810001373291016
2023-08-11,34.61000061035156
2023-08-14,33.93000030517578
2023-08-15,33.939998626708984
2023-08-16,33.02000045776367
2023-08-17,32.779998779296875
2023-08-18,32.0099983215332
2023-08-21,32.529998779296875
2023-08-22,32.040000915527344
2023-08-23,31.920000076293945
2023-08-24,31.899999618530273
2023-08-25,32.47999954223633
2023-08-28,33.0
2023-08-29,33.47999954223633
2023-08-30,34.209999084472656
2023-08-31,34.119998931884766
2023-09-01,34.4900016784668
2023-09-04,34.4900016784668
2023-09-05,34.470001220703125
2023-09-06,33.33000183105469
2023-09-07,32.88999938964844
2023-09-08,32.0
2023-09-11,32.310001373291016
2023-09-12,31.5
2023-09-13,31.829999923706055
2023-09-14,32.04999923706055
2023-09-15,32.119998931884766
2023-09-18,31.860000610351562
2023-09-19,31.459999084472656
2023-09-20,31.31999969482422
2023-09-21,30.56999969482422
2023-09-22,30.5
2023-09-25,29.93000030517578
2023-09-26,29.299999237060547
2023-09-27,28.920000076293945
2023-09-28,27.489999771118164
2023-09-29,28.170000076293945
